Seconds from Periapsis,Areodetic Latitude,Longitude,True Local Solar Time,Solar Zenith Angle,AREODETIC ALTITUDE,99-SEC DENSITY,SIGMA 99-SEC DENSITY,1-SEC DENSITY,SIGMA 1-SEC DENSITY,SPACECRAFT MASS,BIAS NOISE 1-SIGMA
-300,53.726,230.135,15.149,76.890,255.810,0.002,0.010,-0.016,0.011,1136.067,0.012
-299,53.668,230.180,15.152,76.873,255.336,0.002,0.010,-0.018,0.010,1136.067,0.012
-298,53.611,230.226,15.155,76.856,254.863,0.002,0.010,-0.021,0.011,1136.067,0.012
-297,53.553,230.271,15.159,76.839,254.392,0.002,0.010,-0.022,0.011,1136.067,0.012
-296,53.496,230.316,15.162,76.822,253.923,0.001,0.010,-0.022,0.012,1136.067,0.012
-295,53.438,230.361,15.165,76.805,253.454,0.001,0.010,-0.022,0.012,1136.067,0.012
-294,53.381,230.406,15.168,76.788,252.987,0.001,0.010,-0.019,0.013,1136.067,0.012
-293,53.323,230.451,15.172,76.771,252.522,0.001,0.010,-0.009,0.014,1136.067,0.012
-292,53.266,230.495,15.175,76.753,252.058,0.001,0.010,-0.006,0.014,1136.067,0.012
-291,53.208,230.540,15.178,76.736,251.595,0.000,0.010,-0.006,0.014,1136.067,0.012
-290,53.150,230.584,15.181,76.719,251.134,0.000,0.010,-0.006,0.013,1136.067,0.012
-289,53.092,230.628,15.185,76.702,250.674,0.000,0.010,-0.004,0.012,1136.067,0.012
-288,53.035,230.672,15.188,76.685,250.216,-0.000,0.010,0.001,0.012,1136.067,0.012
-287,52.977,230.716,15.191,76.668,249.759,-0.000,0.010,0.002,0.012,1136.067,0.012
-286,52.919,230.760,15.194,76.651,249.303,-0.000,0.010,0.002,0.012,1136.067,0.012
-285,52.861,230.804,15.197,76.634,248.849,-0.000,0.010,0.002,0.011,1136.067,0.012
-284,52.803,230.848,15.201,76.617,248.396,-0.001,0.010,0.003,0.011,1136.067,0.012
-283,52.745,230.891,15.204,76.600,247.944,-0.001,0.010,0.007,0.011,1136.067,0.012
-282,52.687,230.935,15.207,76.583,247.494,-0.001,0.010,0.008,0.011,1136.067,0.012
-281,52.629,230.978,15.210,76.566,247.046,-0.001,0.010,0.008,0.010,1136.067,0.012
-280,52.571,231.021,15.213,76.549,246.599,-0.001,0.010,0.008,0.010,1136.067,0.012
-279,52.513,231.065,15.216,76.532,246.153,-0.002,0.010,0.008,0.010,1136.067,0.012
-278,52.455,231.108,15.219,76.515,245.709,-0.002,0.010,0.008,0.010,1136.067,0.012
-277,52.396,231.150,15.223,76.499,245.266,-0.002,0.010,0.007,0.011,1136.067,0.012
-276,52.338,231.193,15.226,76.482,244.824,-0.003,0.010,0.006,0.011,1136.067,0.012
-275,52.280,231.236,15.229,76.465,244.384,-0.004,0.010,0.005,0.011,1136.067,0.012
-274,52.222,231.279,15.232,76.448,243.946,-0.004,0.010,0.003,0.011,1136.067,0.012
-273,52.163,231.321,15.235,76.431,243.508,-0.004,0.010,-0.003,0.011,1136.067,0.012
-272,52.105,231.363,15.238,76.414,243.073,-0.005,0.010,-0.004,0.011,1136.067,0.012
-271,52.047,231.406,15.241,76.397,242.638,-0.005,0.010,-0.004,0.011,1136.067,0.012
-270,51.988,231.448,15.244,76.381,242.205,-0.004,0.010,-0.004,0.011,1136.067,0.012
-269,51.930,231.490,15.247,76.364,241.774,-0.004,0.010,-0.005,0.011,1136.067,0.012
-268,51.871,231.532,15.250,76.347,241.344,-0.004,0.010,-0.007,0.010,1136.067,0.012
-267,51.813,231.573,15.253,76.330,240.915,-0.004,0.010,-0.007,0.011,1136.067,0.012
-266,51.754,231.615,15.257,76.313,240.488,-0.003,0.010,-0.007,0.011,1136.067,0.012
-265,51.696,231.657,15.260,76.297,240.062,-0.003,0.010,-0.007,0.011,1136.067,0.012
-264,51.637,231.698,15.263,76.280,239.638,-0.002,0.010,-0.005,0.011,1136.067,0.012
-263,51.579,231.739,15.266,76.263,239.215,-0.001,0.010,0.003,0.011,1136.067,0.012
-262,51.520,231.781,15.269,76.246,238.793,-0.001,0.010,0.005,0.011,1136.067,0.012
-261,51.461,231.822,15.272,76.230,238.373,-0.000,0.010,0.005,0.011,1136.067,0.012
-260,51.402,231.863,15.275,76.213,237.955,0.001,0.010,0.005,0.011,1136.067,0.012
-259,51.344,231.904,15.278,76.196,237.538,0.001,0.010,0.004,0.011,1136.067,0.012
-258,51.285,231.945,15.281,76.180,237.122,0.002,0.010,-0.000,0.011,1136.067,0.012
-257,51.226,231.985,15.284,76.163,236.708,0.002,0.010,-0.002,0.011,1136.067,0.012
-256,51.167,232.026,15.287,76.146,236.295,0.002,0.010,-0.002,0.011,1136.067,0.012
-255,51.108,232.067,15.290,76.130,235.883,0.002,0.010,-0.002,0.011,1136.067,0.012
-254,51.049,232.107,15.293,76.113,235.473,0.002,0.010,-0.000,0.011,1136.067,0.012
-253,50.990,232.147,15.296,76.097,235.065,0.003,0.010,0.005,0.011,1136.067,0.012
-252,50.931,232.188,15.298,76.080,234.658,0.003,0.010,0.007,0.011,1136.067,0.012
-251,50.872,232.228,15.301,76.063,234.252,0.003,0.010,0.007,0.011,1136.067,0.012
-250,50.813,232.268,15.304,76.047,233.848,0.003,0.010,0.006,0.011,1136.067,0.012
-249,50.754,232.308,15.307,76.030,233.445,0.003,0.010,0.007,0.011,1136.067,0.012
-248,50.695,232.347,15.310,76.014,233.044,0.003,0.010,0.010,0.011,1136.067,0.012
-247,50.636,232.387,15.313,75.997,232.644,0.003,0.010,0.011,0.011,1136.067,0.012
-246,50.577,232.427,15.316,75.981,232.246,0.003,0.010,0.011,0.012,1136.067,0.012
-245,50.518,232.466,15.319,75.964,231.849,0.003,0.010,0.011,0.012,1136.067,0.012
-244,50.458,232.506,15.322,75.948,231.453,0.003,0.010,0.008,0.013,1136.067,0.012
-243,50.399,232.545,15.325,75.931,231.059,0.003,0.010,-0.001,0.013,1136.067,0.012
-242,50.340,232.584,15.328,75.915,230.666,0.003,0.010,-0.005,0.014,1136.067,0.012
-241,50.281,232.623,15.331,75.899,230.275,0.003,0.010,-0.005,0.014,1136.067,0.012
-240,50.221,232.662,15.333,75.882,229.886,0.003,0.010,-0.005,0.013,1136.067,0.012
-239,50.162,232.701,15.336,75.866,229.497,0.003,0.010,-0.006,0.012,1136.067,0.012
-238,50.102,232.740,15.339,75.849,229.111,0.003,0.010,-0.011,0.011,1136.067,0.012
-237,50.043,232.779,15.342,75.833,228.725,0.003,0.010,-0.013,0.011,1136.067,0.012
-236,49.984,232.817,15.345,75.817,228.341,0.003,0.010,-0.013,0.011,1136.067,0.012
-235,49.924,232.856,15.348,75.800,227.959,0.003,0.010,-0.013,0.010,1136.067,0.012
-234,49.865,232.894,15.350,75.784,227.578,0.003,0.010,-0.012,0.010,1136.067,0.012
-233,49.805,232.933,15.353,75.768,227.198,0.003,0.010,-0.010,0.013,1136.067,0.012
-232,49.745,232.971,15.356,75.751,226.820,0.003,0.010,-0.009,0.017,1136.067,0.012
-231,49.686,233.009,15.359,75.735,226.444,0.004,0.010,-0.009,0.019,1136.067,0.012
-230,49.626,233.047,15.362,75.719,226.069,0.004,0.010,-0.010,0.020,1136.067,0.012
-229,49.567,233.085,15.365,75.703,225.695,0.005,0.010,-0.002,0.020,1136.067,0.012
-228,49.507,233.123,15.367,75.686,225.323,0.005,0.010,0.020,0.020,1136.067,0.012
-227,49.447,233.161,15.370,75.670,224.952,0.005,0.010,0.027,0.019,1136.067,0.012
-226,49.387,233.199,15.373,75.654,224.583,0.005,0.010,0.027,0.018,1136.067,0.012
-225,49.328,233.236,15.376,75.638,224.215,0.005,0.010,0.027,0.016,1136.067,0.012
-224,49.268,233.274,15.378,75.622,223.849,0.005,0.010,0.026,0.013,1136.067,0.012
-223,49.208,233.311,15.381,75.605,223.484,0.005,0.010,0.022,0.012,1136.067,0.012
-222,49.148,233.348,15.384,75.589,223.121,0.005,0.010,0.021,0.014,1136.067,0.012
-221,49.088,233.386,15.387,75.573,222.759,0.006,0.010,0.021,0.015,1136.067,0.012
-220,49.028,233.423,15.389,75.557,222.398,0.006,0.010,0.021,0.017,1136.067,0.012
-219,48.968,233.460,15.392,75.541,222.039,0.006,0.010,0.017,0.018,1136.067,0.012
-218,48.908,233.497,15.395,75.525,221.682,0.007,0.010,0.005,0.017,1136.067,0.012
-217,48.848,233.534,15.398,75.509,221.326,0.007,0.010,0.001,0.016,1136.067,0.012
-216,48.788,233.570,15.400,75.493,220.971,0.007,0.010,-0.004,0.015,1136.067,0.012
-215,48.728,233.607,15.403,75.477,220.618,0.008,0.010,-0.010,0.014,1136.067,0.012
-214,48.668,233.644,15.406,75.461,220.267,0.008,0.010,-0.008,0.013,1136.067,0.012
-213,48.608,233.680,15.409,75.445,219.917,0.008,0.010,0.006,0.013,1136.067,0.012
-212,48.548,233.717,15.411,75.429,219.568,0.008,0.010,0.011,0.013,1136.067,0.012
-211,48.488,233.753,15.414,75.413,219.221,0.008,0.010,0.011,0.013,1136.067,0.012
-210,48.428,233.789,15.417,75.397,218.875,0.008,0.010,0.011,0.013,1136.067,0.012
-209,48.367,233.825,15.419,75.381,218.531,0.008,0.010,0.011,0.011,1136.067,0.012
-208,48.307,233.861,15.422,75.365,218.188,0.008,0.010,0.011,0.010,1136.067,0.012
-207,48.247,233.897,15.425,75.349,217.847,0.009,0.010,0.011,0.010,1136.067,0.012
-206,48.187,233.933,15.427,75.333,217.507,0.009,0.010,0.011,0.010,1136.067,0.012
-205,48.126,233.969,15.430,75.317,217.169,0.010,0.010,0.011,0.010,1136.067,0.012
-204,48.066,234.005,15.433,75.301,216.832,0.010,0.010,0.011,0.010,1136.067,0.012
-203,48.005,234.041,15.435,75.285,216.497,0.011,0.010,0.012,0.011,1136.067,0.012
-202,47.945,234.076,15.438,75.270,216.163,0.011,0.010,0.012,0.012,1136.067,0.012
-201,47.885,234.112,15.441,75.254,215.831,0.011,0.010,0.012,0.012,1136.067,0.012
-200,47.824,234.147,15.443,75.238,215.500,0.011,0.010,0.012,0.013,1136.067,0.012
-199,47.764,234.182,15.446,75.222,215.171,0.012,0.010,0.009,0.013,1136.067,0.012
-198,47.703,234.217,15.448,75.206,214.843,0.012,0.010,-0.000,0.013,1136.067,0.012
-197,47.643,234.253,15.451,75.191,214.516,0.012,0.010,-0.004,0.012,1136.067,0.012
-196,47.582,234.288,15.454,75.175,214.192,0.012,0.010,-0.004,0.012,1136.067,0.012
-195,47.522,234.323,15.456,75.159,213.868,0.012,0.010,-0.004,0.012,1136.067,0.012
-194,47.461,234.358,15.459,75.143,213.546,0.012,0.010,-0.001,0.012,1136.067,0.012
-193,47.400,234.392,15.461,75.128,213.226,0.012,0.010,0.008,0.013,1136.067,0.012
-192,47.340,234.427,15.464,75.112,212.907,0.012,0.010,0.011,0.014,1136.067,0.012
-191,47.279,234.462,15.467,75.096,212.590,0.013,0.010,0.011,0.014,1136.067,0.012
-190,47.218,234.496,15.469,75.081,212.274,0.013,0.010,0.011,0.014,1136.067,0.012
-189,47.158,234.531,15.472,75.065,211.959,0.013,0.010,0.013,0.013,1136.067,0.012
-188,47.097,234.565,15.474,75.050,211.646,0.013,0.010,0.021,0.012,1136.067,0.012
-187,47.036,234.599,15.477,75.034,211.335,0.013,0.010,0.024,0.012,1136.067,0.012
-186,46.975,234.634,15.479,75.018,211.025,0.013,0.010,0.024,0.012,1136.067,0.012
-185,46.914,234.668,15.482,75.003,210.717,0.012,0.010,0.024,0.013,1136.067,0.012
-184,46.854,234.702,15.485,74.987,210.410,0.012,0.010,0.021,0.012,1136.067,0.012
-183,46.793,234.736,15.487,74.972,210.104,0.011,0.010,0.009,0.013,1136.067,0.012
-182,46.732,234.770,15.490,74.956,209.800,0.012,0.010,0.006,0.014,1136.067,0.012
-181,46.671,234.804,15.492,74.941,209.498,0.012,0.010,0.006,0.015,1136.067,0.012
-180,46.610,234.837,15.495,74.925,209.197,0.012,0.010,0.006,0.015,1136.067,0.012
-179,46.549,234.871,15.497,74.910,208.898,0.012,0.010,0.011,0.015,1136.067,0.012
-178,46.488,234.905,15.500,74.894,208.600,0.012,0.010,0.028,0.016,1136.067,0.012
-177,46.427,234.938,15.502,74.879,208.303,0.013,0.010,0.034,0.016,1136.067,0.012
-176,46.366,234.972,15.505,74.864,208.008,0.013,0.010,0.034,0.016,1136.067,0.012
-175,46.305,235.005,15.507,74.848,207.715,0.014,0.010,0.034,0.016,1136.067,0.012
-174,46.244,235.038,15.510,74.833,207.423,0.014,0.010,0.029,0.016,1136.067,0.012
-173,46.183,235.072,15.512,74.817,207.133,0.014,0.010,0.015,0.017,1136.067,0.012
-172,46.122,235.105,15.515,74.802,206.844,0.014,0.010,0.010,0.017,1136.067,0.012
-171,46.060,235.138,15.517,74.787,206.556,0.014,0.010,0.009,0.017,1136.067,0.012
-170,45.999,235.171,15.520,74.772,206.271,0.014,0.010,0.009,0.016,1136.067,0.012
-169,45.938,235.204,15.522,74.756,205.986,0.014,0.010,0.007,0.014,1136.067,0.012
-168,45.877,235.237,15.524,74.741,205.703,0.014,0.010,0.000,0.014,1136.067,0.012
-167,45.816,235.269,15.527,74.726,205.422,0.014,0.010,-0.002,0.016,1136.067,0.012
-166,45.754,235.302,15.529,74.711,205.142,0.014,0.010,-0.002,0.018,1136.067,0.012
-165,45.693,235.335,15.532,74.695,204.864,0.014,0.010,-0.002,0.020,1136.067,0.012
-164,45.632,235.367,15.534,74.680,204.587,0.014,0.010,0.006,0.020,1136.067,0.012
-163,45.570,235.400,15.537,74.665,204.312,0.014,0.010,0.029,0.021,1136.067,0.012
-162,45.509,235.432,15.539,74.650,204.038,0.014,0.010,0.037,0.022,1136.067,0.012
-161,45.448,235.464,15.542,74.635,203.766,0.014,0.010,0.037,0.023,1136.067,0.012
-160,45.386,235.497,15.544,74.620,203.495,0.014,0.010,0.037,0.024,1136.067,0.012
-159,45.325,235.529,15.546,74.604,203.226,0.015,0.010,0.027,0.024,1136.067,0.012
-158,45.263,235.561,15.549,74.589,202.959,0.015,0.010,-0.004,0.024,1136.067,0.012
-157,45.202,235.593,15.551,74.574,202.692,0.015,0.010,-0.014,0.023,1136.067,0.012
-156,45.140,235.625,15.554,74.559,202.428,0.016,0.010,-0.011,0.021,1136.067,0.012
-155,45.079,235.657,15.556,74.544,202.165,0.016,0.010,-0.005,0.019,1136.067,0.012
-154,45.017,235.689,15.558,74.529,201.903,0.017,0.010,-0.001,0.016,1136.067,0.012
-153,44.956,235.720,15.561,74.514,201.643,0.017,0.010,0.009,0.016,1136.067,0.012
-152,44.894,235.752,15.563,74.499,201.384,0.017,0.010,0.013,0.018,1136.067,0.012
-151,44.833,235.784,15.566,74.484,201.127,0.017,0.010,0.013,0.018,1136.067,0.012
-150,44.771,235.815,15.568,74.469,200.872,0.017,0.010,0.013,0.018,1136.067,0.012
-149,44.709,235.847,15.570,74.454,200.618,0.017,0.010,0.017,0.016,1136.067,0.012
-148,44.648,235.878,15.573,74.440,200.365,0.017,0.010,0.031,0.015,1136.067,0.012
-147,44.586,235.909,15.575,74.425,200.115,0.017,0.010,0.036,0.016,1136.067,0.012
-146,44.524,235.941,15.577,74.410,199.865,0.017,0.010,0.036,0.017,1136.067,0.012
-145,44.463,235.972,15.580,74.395,199.617,0.017,0.010,0.036,0.017,1136.067,0.012
-144,44.401,236.003,15.582,74.380,199.371,0.017,0.010,0.029,0.017,1136.067,0.012
-143,44.339,236.034,15.584,74.365,199.126,0.017,0.010,0.010,0.018,1136.067,0.012
-142,44.277,236.065,15.587,74.351,198.883,0.017,0.010,0.003,0.018,1136.067,0.012
-141,44.216,236.096,15.589,74.336,198.641,0.017,0.010,0.003,0.019,1136.067,0.012
-140,44.154,236.127,15.591,74.321,198.401,0.017,0.010,0.003,0.019,1136.067,0.012
-139,44.092,236.157,15.594,74.306,198.162,0.017,0.010,0.010,0.019,1136.067,0.012
-138,44.030,236.188,15.596,74.292,197.925,0.017,0.010,0.032,0.019,1136.067,0.012
-137,43.968,236.219,15.598,74.277,197.689,0.017,0.010,0.039,0.020,1136.067,0.012
-136,43.906,236.249,15.601,74.262,197.455,0.017,0.010,0.039,0.021,1136.067,0.012
-135,43.844,236.280,15.603,74.248,197.223,0.017,0.010,0.039,0.021,1136.067,0.012
-134,43.783,236.310,15.605,74.233,196.991,0.017,0.010,0.031,0.021,1136.067,0.012
-133,43.721,236.341,15.608,74.218,196.762,0.017,0.010,0.006,0.021,1136.067,0.012
-132,43.659,236.371,15.610,74.204,196.534,0.017,0.010,-0.003,0.021,1136.067,0.012
-131,43.597,236.401,15.612,74.189,196.308,0.017,0.010,-0.003,0.019,1136.067,0.012
-130,43.535,236.431,15.614,74.175,196.083,0.017,0.010,-0.003,0.017,1136.067,0.012
-129,43.473,236.462,15.617,74.160,195.859,0.018,0.010,0.000,0.014,1136.067,0.012
-128,43.411,236.492,15.619,74.145,195.637,0.018,0.010,0.009,0.014,1136.067,0.012
-127,43.348,236.522,15.621,74.131,195.417,0.019,0.010,0.012,0.017,1136.067,0.012
-126,43.286,236.551,15.624,74.116,195.198,0.019,0.010,0.012,0.018,1136.067,0.012
-125,43.224,236.581,15.626,74.102,194.981,0.020,0.010,0.012,0.019,1136.067,0.012
-124,43.162,236.611,15.628,74.088,194.765,0.020,0.010,0.017,0.018,1136.067,0.012
-123,43.100,236.641,15.630,74.073,194.551,0.020,0.010,0.035,0.016,1136.067,0.012
-122,43.038,236.670,15.633,74.059,194.339,0.021,0.010,0.041,0.016,1136.067,0.012
-121,42.976,236.700,15.635,74.044,194.128,0.021,0.010,0.041,0.015,1136.067,0.012
-120,42.913,236.730,15.637,74.030,193.918,0.021,0.010,0.041,0.014,1136.067,0.012
-119,42.851,236.759,15.639,74.016,193.710,0.021,0.010,0.038,0.014,1136.067,0.012
-118,42.789,236.788,15.641,74.001,193.504,0.021,0.010,0.026,0.013,1136.067,0.012
-117,42.727,236.818,15.644,73.987,193.299,0.021,0.010,0.022,0.013,1136.067,0.012
-116,42.665,236.847,15.646,73.973,193.095,0.021,0.010,0.022,0.012,1136.067,0.012
-115,42.602,236.876,15.648,73.958,192.894,0.021,0.010,0.022,0.012,1136.067,0.012
-114,42.540,236.905,15.650,73.944,192.693,0.021,0.010,0.024,0.011,1136.067,0.012
-113,42.478,236.934,15.653,73.930,192.495,0.021,0.010,0.027,0.012,1136.067,0.012
-112,42.415,236.963,15.655,73.916,192.297,0.022,0.010,0.029,0.015,1136.067,0.012
-111,42.353,236.992,15.657,73.902,192.102,0.022,0.010,0.029,0.016,1136.067,0.012
-110,42.291,237.021,15.659,73.887,191.908,0.023,0.010,0.029,0.018,1136.067,0.012
-109,42.228,237.050,15.661,73.873,191.715,0.024,0.010,0.023,0.018,1136.067,0.012
-108,42.166,237.079,15.664,73.859,191.524,0.024,0.010,0.004,0.018,1136.067,0.012
-107,42.103,237.108,15.666,73.845,191.335,0.024,0.010,-0.002,0.018,1136.067,0.012
-106,42.041,237.136,15.668,73.831,191.147,0.023,0.010,-0.002,0.018,1136.067,0.012
-105,41.978,237.165,15.670,73.817,190.960,0.023,0.010,-0.002,0.018,1136.067,0.012
-104,41.916,237.193,15.672,73.803,190.776,0.023,0.010,0.004,0.018,1136.067,0.012
-103,41.853,237.222,15.674,73.789,190.592,0.023,0.010,0.024,0.018,1136.067,0.012
-102,41.791,237.250,15.677,73.775,190.411,0.023,0.010,0.031,0.017,1136.067,0.012
-101,41.728,237.279,15.679,73.761,190.230,0.023,0.010,0.031,0.016,1136.067,0.012
-100,41.666,237.307,15.681,73.747,190.052,0.023,0.010,0.031,0.015,1136.067,0.012
-99,41.603,237.335,15.683,73.733,189.875,0.023,0.010,0.028,0.013,1136.067,0.012
-98,41.541,237.363,15.685,73.719,189.699,0.023,0.010,0.019,0.012,1136.067,0.012
-97,41.478,237.392,15.687,73.705,189.525,0.024,0.010,0.016,0.012,1136.067,0.012
-96,41.416,237.420,15.690,73.691,189.353,0.025,0.010,0.017,0.012,1136.067,0.012
-95,41.353,237.448,15.692,73.677,189.182,0.026,0.010,0.018,0.012,1136.067,0.012
-94,41.290,237.476,15.694,73.664,189.013,0.026,0.010,0.021,0.012,1136.067,0.012
-93,41.228,237.503,15.696,73.650,188.845,0.026,0.010,0.029,0.013,1136.067,0.012
-92,41.165,237.531,15.698,73.636,188.679,0.026,0.010,0.032,0.013,1136.067,0.012
-91,41.102,237.559,15.700,73.622,188.514,0.025,0.010,0.032,0.013,1136.067,0.012
-90,41.040,237.587,15.702,73.608,188.351,0.025,0.010,0.032,0.013,1136.067,0.012
-89,40.977,237.614,15.704,73.595,188.190,0.025,0.010,0.033,0.012,1136.067,0.012
-88,40.914,237.642,15.707,73.581,188.030,0.025,0.010,0.038,0.012,1136.067,0.012
-87,40.851,237.670,15.709,73.567,187.871,0.025,0.010,0.041,0.014,1136.067,0.012
-86,40.789,237.697,15.711,73.554,187.714,0.026,0.010,0.042,0.015,1136.067,0.012
-85,40.726,237.724,15.713,73.540,187.559,0.027,0.010,0.042,0.016,1136.067,0.012
-84,40.663,237.752,15.715,73.526,187.405,0.028,0.010,0.037,0.016,1136.067,0.012
-83,40.600,237.779,15.717,73.513,187.253,0.028,0.010,0.021,0.016,1136.067,0.012
-82,40.537,237.806,15.719,73.499,187.103,0.028,0.010,0.015,0.015,1136.067,0.012
-81,40.475,237.834,15.721,73.486,186.954,0.028,0.010,0.015,0.015,1136.067,0.012
-80,40.412,237.861,15.723,73.472,186.806,0.028,0.010,0.015,0.014,1136.067,0.012
-79,40.349,237.888,15.725,73.459,186.660,0.027,0.010,0.018,0.013,1136.067,0.012
-78,40.286,237.915,15.727,73.445,186.516,0.027,0.010,0.028,0.012,1136.067,0.012
-77,40.223,237.942,15.729,73.432,186.373,0.028,0.010,0.031,0.012,1136.067,0.012
-76,40.160,237.969,15.732,73.418,186.232,0.028,0.010,0.031,0.012,1136.067,0.012
-75,40.097,237.996,15.734,73.405,186.092,0.028,0.010,0.031,0.011,1136.067,0.012
-74,40.034,238.023,15.736,73.391,185.954,0.028,0.010,0.031,0.011,1136.067,0.012
-73,39.971,238.049,15.738,73.378,185.817,0.028,0.010,0.031,0.010,1136.067,0.012
-72,39.908,238.076,15.740,73.364,185.682,0.029,0.010,0.031,0.010,1136.067,0.012
-71,39.845,238.103,15.742,73.351,185.549,0.030,0.010,0.031,0.010,1136.067,0.012
-70,39.782,238.129,15.744,73.338,185.417,0.030,0.010,0.031,0.010,1136.067,0.012
-69,39.719,238.156,15.746,73.324,185.287,0.031,0.010,0.032,0.010,1136.067,0.012
-68,39.656,238.182,15.748,73.311,185.158,0.031,0.010,0.036,0.011,1136.067,0.012
-67,39.593,238.209,15.750,73.298,185.031,0.032,0.010,0.038,0.011,1136.067,0.012
-66,39.530,238.235,15.752,73.285,184.905,0.033,0.010,0.038,0.012,1136.067,0.012
-65,39.467,238.261,15.754,73.271,184.781,0.033,0.010,0.038,0.012,1136.067,0.012
-64,39.404,238.288,15.756,73.258,184.659,0.034,0.010,0.035,0.012,1136.067,0.012
-63,39.341,238.314,15.758,73.245,184.538,0.035,0.010,0.028,0.012,1136.067,0.012
-62,39.278,238.340,15.760,73.232,184.418,0.035,0.010,0.026,0.012,1136.067,0.012
-61,39.215,238.366,15.762,73.219,184.301,0.036,0.010,0.026,0.012,1136.067,0.012
-60,39.152,238.392,15.764,73.206,184.184,0.036,0.010,0.026,0.011,1136.067,0.012
-59,39.089,238.418,15.766,73.193,184.070,0.036,0.010,0.027,0.011,1136.067,0.012
-58,39.025,238.444,15.768,73.180,183.957,0.037,0.010,0.030,0.011,1136.067,0.012
-57,38.962,238.470,15.770,73.167,183.845,0.036,0.010,0.031,0.012,1136.067,0.012
-56,38.899,238.496,15.772,73.154,183.735,0.036,0.010,0.031,0.012,1136.067,0.012
-55,38.836,238.522,15.774,73.141,183.627,0.036,0.010,0.031,0.012,1136.067,0.012
-54,38.773,238.548,15.776,73.128,183.520,0.036,0.010,0.034,0.012,1136.067,0.012
-53,38.709,238.574,15.778,73.115,183.415,0.037,0.010,0.042,0.013,1136.067,0.012
-52,38.646,238.599,15.780,73.102,183.311,0.037,0.010,0.045,0.014,1136.067,0.012
-51,38.583,238.625,15.782,73.089,183.209,0.037,0.010,0.045,0.015,1136.067,0.012
-50,38.520,238.650,15.784,73.076,183.109,0.038,0.010,0.045,0.016,1136.067,0.012
-49,38.456,238.676,15.786,73.063,183.010,0.038,0.010,0.039,0.017,1136.067,0.012
-48,38.393,238.701,15.788,73.050,182.912,0.039,0.010,0.022,0.018,1136.067,0.012
-47,38.330,238.727,15.790,73.037,182.816,0.039,0.010,0.016,0.021,1136.067,0.012
-46,38.267,238.752,15.792,73.025,182.722,0.040,0.010,0.016,0.023,1136.067,0.012
-45,38.203,238.777,15.794,73.012,182.629,0.040,0.010,0.016,0.024,1136.067,0.012
-44,38.140,238.803,15.796,72.999,182.538,0.041,0.010,0.027,0.025,1136.067,0.012
-43,38.077,238.828,15.798,72.986,182.449,0.041,0.010,0.060,0.025,1136.067,0.012
-42,38.013,238.853,15.800,72.974,182.361,0.042,0.010,0.071,0.025,1136.067,0.012
-41,37.950,238.878,15.802,72.961,182.275,0.042,0.010,0.071,0.024,1136.067,0.012
-40,37.887,238.903,15.804,72.948,182.190,0.043,0.010,0.071,0.023,1136.067,0.012
-39,37.823,238.928,15.806,72.936,182.106,0.043,0.010,0.064,0.021,1136.067,0.012
-38,37.760,238.953,15.807,72.923,182.025,0.044,0.010,0.042,0.020,1136.067,0.012
-37,37.696,238.978,15.809,72.910,181.945,0.045,0.010,0.034,0.020,1136.067,0.012
-36,37.633,239.003,15.811,72.898,181.866,0.046,0.010,0.034,0.018,1136.067,0.012
-35,37.570,239.028,15.813,72.885,181.789,0.047,0.010,0.034,0.017,1136.067,0.012
-34,37.506,239.053,15.815,72.873,181.714,0.047,0.010,0.038,0.014,1136.067,0.012
-33,37.443,239.078,15.817,72.860,181.640,0.048,0.010,0.049,0.012,1136.067,0.012
-32,37.379,239.102,15.819,72.848,181.568,0.048,0.010,0.053,0.012,1136.067,0.012
-31,37.316,239.127,15.821,72.835,181.497,0.049,0.010,0.053,0.012,1136.067,0.012
-30,37.252,239.152,15.823,72.823,181.428,0.049,0.010,0.053,0.012,1136.067,0.012
-29,37.189,239.176,15.825,72.811,181.361,0.049,0.010,0.053,0.011,1136.067,0.012
-28,37.125,239.201,15.827,72.798,181.295,0.050,0.010,0.053,0.010,1136.067,0.012
-27,37.062,239.225,15.829,72.786,181.231,0.050,0.010,0.053,0.010,1136.067,0.012
-26,36.998,239.249,15.830,72.773,181.168,0.050,0.010,0.053,0.010,1136.067,0.012
-25,36.935,239.274,15.832,72.761,181.107,0.050,0.010,0.053,0.010,1136.067,0.012
-24,36.871,239.298,15.834,72.749,181.047,0.050,0.010,0.052,0.010,1136.067,0.012
-23,36.808,239.322,15.836,72.737,180.989,0.051,0.010,0.051,0.011,1136.067,0.012
-22,36.744,239.347,15.838,72.724,180.933,0.051,0.010,0.050,0.011,1136.067,0.012
-21,36.680,239.371,15.840,72.712,180.878,0.051,0.010,0.050,0.012,1136.067,0.012
-20,36.617,239.395,15.842,72.700,180.824,0.052,0.010,0.050,0.012,1136.067,0.012
-19,36.553,239.419,15.844,72.688,180.773,0.052,0.010,0.048,0.012,1136.067,0.012
-18,36.490,239.443,15.846,72.676,180.723,0.052,0.010,0.042,0.012,1136.067,0.012
-17,36.426,239.467,15.847,72.664,180.674,0.052,0.010,0.039,0.012,1136.067,0.012
-16,36.362,239.491,15.849,72.651,180.627,0.052,0.010,0.039,0.013,1136.067,0.012
-15,36.299,239.515,15.851,72.639,180.582,0.052,0.010,0.039,0.013,1136.067,0.012
-14,36.235,239.539,15.853,72.627,180.538,0.052,0.010,0.043,0.014,1136.067,0.012
-13,36.172,239.563,15.855,72.615,180.496,0.052,0.010,0.055,0.014,1136.067,0.012
-12,36.108,239.586,15.857,72.603,180.455,0.052,0.010,0.060,0.014,1136.067,0.012
-11,36.044,239.610,15.859,72.591,180.416,0.052,0.010,0.060,0.014,1136.067,0.012
-10,35.981,239.634,15.860,72.579,180.378,0.052,0.010,0.060,0.013,1136.067,0.012
-9,35.917,239.658,15.862,72.567,180.342,0.052,0.010,0.060,0.012,1136.067,0.012
-8,35.853,239.681,15.864,72.556,180.308,0.052,0.010,0.063,0.010,1136.067,0.012
-7,35.790,239.705,15.866,72.544,180.275,0.052,0.010,0.064,0.010,1136.067,0.012
-6,35.726,239.728,15.868,72.532,180.244,0.051,0.010,0.064,0.010,1136.067,0.012
-5,35.662,239.752,15.870,72.520,180.215,0.051,0.010,0.064,0.010,1136.067,0.012
-4,35.598,239.775,15.871,72.508,180.187,0.051,0.010,0.063,0.010,1136.067,0.012
-3,35.535,239.799,15.873,72.496,180.160,0.051,0.010,0.063,0.011,1136.067,0.012
-2,35.471,239.822,15.875,72.485,180.135,0.052,0.010,0.063,0.012,1136.067,0.012
-1,35.407,239.845,15.877,72.473,180.112,0.052,0.010,0.063,0.013,1136.067,0.012
0,35.343,239.868,15.879,72.461,180.090,0.052,0.010,0.063,0.014,1136.067,0.012
1,35.280,239.892,15.881,72.449,180.070,0.053,0.010,0.059,0.014,1136.067,0.012
2,35.216,239.915,15.882,72.438,180.052,0.053,0.010,0.048,0.013,1136.067,0.012
3,35.152,239.938,15.884,72.426,180.035,0.052,0.010,0.044,0.013,1136.067,0.012
4,35.088,239.961,15.886,72.414,180.019,0.052,0.010,0.044,0.012,1136.067,0.012
5,35.025,239.984,15.888,72.403,180.006,0.052,0.010,0.044,0.012,1136.067,0.012
6,34.961,240.007,15.890,72.391,179.993,0.052,0.010,0.046,0.011,1136.067,0.012
7,34.897,240.030,15.891,72.380,179.983,0.052,0.010,0.053,0.011,1136.067,0.012
8,34.833,240.053,15.893,72.368,179.974,0.052,0.010,0.055,0.012,1136.067,0.012
9,34.769,240.076,15.895,72.357,179.966,0.053,0.010,0.055,0.012,1136.067,0.012
10,34.705,240.099,15.897,72.345,179.961,0.053,0.010,0.055,0.012,1136.067,0.012
11,34.642,240.122,15.899,72.334,179.956,0.054,0.010,0.053,0.012,1136.067,0.012
12,34.578,240.144,15.900,72.322,179.954,0.054,0.010,0.044,0.013,1136.067,0.012
13,34.514,240.167,15.902,72.311,179.952,0.054,0.010,0.041,0.013,1136.067,0.012
14,34.450,240.190,15.904,72.300,179.953,0.054,0.010,0.041,0.012,1136.067,0.012
15,34.386,240.212,15.906,72.288,179.955,0.054,0.010,0.041,0.012,1136.067,0.012
16,34.322,240.235,15.908,72.277,179.959,0.054,0.010,0.040,0.011,1136.067,0.012
17,34.258,240.258,15.909,72.266,179.964,0.054,0.010,0.039,0.011,1136.067,0.012
18,34.195,240.280,15.911,72.254,179.971,0.054,0.010,0.038,0.012,1136.067,0.012
19,34.131,240.303,15.913,72.243,179.979,0.053,0.010,0.038,0.013,1136.067,0.012
20,34.067,240.325,15.915,72.232,179.989,0.053,0.010,0.038,0.013,1136.067,0.012
21,34.003,240.347,15.916,72.221,180.001,0.052,0.010,0.041,0.013,1136.067,0.012
22,33.939,240.370,15.918,72.210,180.014,0.052,0.010,0.052,0.013,1136.067,0.012
23,33.875,240.392,15.920,72.198,180.028,0.052,0.010,0.056,0.013,1136.067,0.012
24,33.811,240.414,15.922,72.187,180.045,0.052,0.010,0.056,0.013,1136.067,0.012
25,33.747,240.437,15.923,72.176,180.063,0.052,0.010,0.056,0.012,1136.067,0.012
26,33.683,240.459,15.925,72.165,180.082,0.052,0.010,0.053,0.012,1136.067,0.012
27,33.619,240.481,15.927,72.154,180.103,0.052,0.010,0.044,0.012,1136.067,0.012
28,33.555,240.503,15.929,72.143,180.126,0.052,0.010,0.041,0.014,1136.067,0.012
29,33.491,240.525,15.930,72.132,180.150,0.052,0.010,0.041,0.015,1136.067,0.012
30,33.427,240.547,15.932,72.121,180.176,0.052,0.010,0.041,0.015,1136.067,0.012
31,33.364,240.569,15.934,72.110,180.203,0.052,0.010,0.046,0.016,1136.067,0.012
32,33.300,240.591,15.936,72.099,180.232,0.051,0.010,0.062,0.016,1136.067,0.012
33,33.236,240.613,15.937,72.088,180.263,0.051,0.010,0.067,0.016,1136.067,0.012
34,33.172,240.635,15.939,72.077,180.295,0.051,0.010,0.067,0.015,1136.067,0.012
35,33.108,240.657,15.941,72.067,180.328,0.051,0.010,0.067,0.013,1136.067,0.012
36,33.044,240.679,15.943,72.056,180.364,0.051,0.010,0.066,0.012,1136.067,0.012
37,32.980,240.700,15.944,72.045,180.401,0.050,0.010,0.061,0.011,1136.067,0.012
38,32.916,240.722,15.946,72.034,180.439,0.050,0.010,0.059,0.011,1136.067,0.012
39,32.852,240.744,15.948,72.023,180.479,0.050,0.010,0.059,0.011,1136.067,0.012
40,32.788,240.766,15.949,72.013,180.521,0.049,0.010,0.059,0.011,1136.067,0.012
41,32.724,240.787,15.951,72.002,180.564,0.049,0.010,0.061,0.011,1136.067,0.012
42,32.660,240.809,15.953,71.991,180.609,0.049,0.010,0.067,0.012,1136.067,0.012
43,32.596,240.830,15.955,71.981,180.655,0.049,0.010,0.070,0.013,1136.067,0.012
44,32.532,240.852,15.956,71.970,180.703,0.049,0.010,0.070,0.014,1136.067,0.012
45,32.467,240.873,15.958,71.959,180.753,0.049,0.010,0.069,0.015,1136.067,0.012
46,32.403,240.895,15.960,71.949,180.804,0.049,0.010,0.065,0.015,1136.067,0.012
47,32.339,240.916,15.961,71.938,180.857,0.049,0.010,0.049,0.016,1136.067,0.012
48,32.275,240.938,15.963,71.928,180.911,0.049,0.010,0.044,0.016,1136.067,0.012
49,32.211,240.959,15.965,71.917,180.967,0.049,0.010,0.044,0.015,1136.067,0.012
50,32.147,240.980,15.966,71.907,181.024,0.049,0.010,0.044,0.014,1136.067,0.012
51,32.083,241.001,15.968,71.896,181.083,0.049,0.010,0.044,0.012,1136.067,0.012
52,32.019,241.023,15.970,71.886,181.144,0.049,0.010,0.042,0.010,1136.067,0.012
53,31.955,241.044,15.971,71.876,181.206,0.049,0.010,0.042,0.010,1136.067,0.012
54,31.891,241.065,15.973,71.865,181.270,0.048,0.010,0.042,0.010,1136.067,0.012
55,31.827,241.086,15.975,71.855,181.336,0.048,0.010,0.042,0.010,1136.067,0.012
56,31.763,241.107,15.977,71.845,181.403,0.048,0.010,0.042,0.010,1136.067,0.012
57,31.699,241.128,15.978,71.834,181.471,0.048,0.010,0.044,0.012,1136.067,0.012
58,31.635,241.149,15.980,71.824,181.541,0.048,0.010,0.044,0.014,1136.067,0.012
59,31.571,241.170,15.982,71.814,181.613,0.048,0.010,0.044,0.016,1136.067,0.012
60,31.507,241.191,15.983,71.804,181.686,0.048,0.010,0.044,0.017,1136.067,0.012
61,31.442,241.212,15.985,71.793,181.761,0.048,0.010,0.039,0.017,1136.067,0.012
62,31.378,241.233,15.987,71.783,181.838,0.048,0.010,0.021,0.019,1136.067,0.012
63,31.314,241.254,15.988,71.773,181.916,0.048,0.010,0.015,0.023,1136.067,0.012
64,31.250,241.275,15.990,71.763,181.995,0.049,0.010,0.015,0.026,1136.067,0.012
65,31.186,241.295,15.991,71.753,182.077,0.049,0.010,0.015,0.028,1136.067,0.012
66,31.122,241.316,15.993,71.743,182.159,0.049,0.010,0.026,0.029,1136.067,0.012
67,31.058,241.337,15.995,71.733,182.244,0.049,0.010,0.064,0.029,1136.067,0.012
68,30.994,241.358,15.996,71.723,182.330,0.049,0.010,0.076,0.028,1136.067,0.012
69,30.930,241.378,15.998,71.713,182.417,0.048,0.010,0.076,0.027,1136.067,0.012
70,30.866,241.399,16.000,71.703,182.506,0.048,0.010,0.076,0.025,1136.067,0.012
71,30.801,241.419,16.001,71.693,182.597,0.048,0.010,0.068,0.022,1136.067,0.012
72,30.737,241.440,16.003,71.683,182.689,0.048,0.010,0.043,0.020,1136.067,0.012
73,30.673,241.460,16.005,71.673,182.783,0.047,0.010,0.034,0.020,1136.067,0.012
74,30.609,241.481,16.006,71.663,182.879,0.046,0.010,0.034,0.019,1136.067,0.012
75,30.545,241.501,16.008,71.653,182.976,0.045,0.010,0.034,0.017,1136.067,0.012
76,30.481,241.522,16.010,71.644,183.074,0.045,0.010,0.036,0.014,1136.067,0.012
77,30.417,241.542,16.011,71.634,183.175,0.044,0.010,0.045,0.013,1136.067,0.012
78,30.352,241.562,16.013,71.624,183.276,0.043,0.010,0.048,0.013,1136.067,0.012
79,30.288,241.583,16.014,71.614,183.380,0.043,0.010,0.048,0.013,1136.067,0.012
80,30.224,241.603,16.016,71.605,183.485,0.042,0.010,0.048,0.014,1136.067,0.012
81,30.160,241.623,16.018,71.595,183.591,0.042,0.010,0.044,0.013,1136.067,0.012
82,30.096,241.643,16.019,71.585,183.699,0.042,0.010,0.031,0.014,1136.067,0.012
83,30.032,241.663,16.021,71.576,183.809,0.042,0.010,0.027,0.016,1136.067,0.012
84,29.968,241.684,16.023,71.566,183.920,0.042,0.010,0.027,0.017,1136.067,0.012
85,29.904,241.704,16.024,71.557,184.033,0.042,0.010,0.027,0.018,1136.067,0.012
86,29.839,241.724,16.026,71.547,184.147,0.042,0.010,0.033,0.019,1136.067,0.012
87,29.775,241.744,16.027,71.538,184.263,0.042,0.010,0.054,0.019,1136.067,0.012
88,29.711,241.764,16.029,71.528,184.381,0.042,0.010,0.061,0.018,1136.067,0.012
89,29.647,241.784,16.031,71.519,184.500,0.041,0.010,0.061,0.017,1136.067,0.012
90,29.583,241.804,16.032,71.509,184.621,0.041,0.010,0.061,0.016,1136.067,0.012
91,29.519,241.824,16.034,71.500,184.743,0.040,0.010,0.058,0.014,1136.067,0.012
92,29.454,241.844,16.035,71.490,184.867,0.040,0.010,0.048,0.012,1136.067,0.012
93,29.390,241.863,16.037,71.481,184.993,0.040,0.010,0.044,0.012,1136.067,0.012
94,29.326,241.883,16.039,71.472,185.120,0.040,0.010,0.044,0.012,1136.067,0.012
95,29.262,241.903,16.040,71.462,185.248,0.039,0.010,0.044,0.011,1136.067,0.012
96,29.198,241.923,16.042,71.453,185.378,0.039,0.010,0.044,0.011,1136.067,0.012
97,29.134,241.942,16.043,71.444,185.510,0.039,0.010,0.044,0.010,1136.067,0.012
98,29.070,241.962,16.045,71.435,185.644,0.038,0.010,0.044,0.010,1136.067,0.012
99,29.005,241.982,16.046,71.426,185.779,0.038,0.010,0.044,0.010,1136.067,0.012
100,28.941,242.001,16.048,71.416,185.915,0.038,0.010,0.044,0.010,1136.067,0.012
101,28.877,242.021,16.050,71.407,186.053,0.038,0.010,0.045,0.010,1136.067,0.012
102,28.813,242.041,16.051,71.398,186.193,0.038,0.010,0.046,0.010,1136.067,0.012
103,28.749,242.060,16.053,71.389,186.334,0.037,0.010,0.046,0.010,1136.067,0.012
104,28.685,242.080,16.054,71.380,186.477,0.036,0.010,0.046,0.010,1136.067,0.012
105,28.620,242.099,16.056,71.371,186.621,0.036,0.010,0.046,0.010,1136.067,0.012
106,28.556,242.119,16.057,71.362,186.767,0.035,0.010,0.045,0.010,1136.067,0.012
107,28.492,242.138,16.059,71.353,186.915,0.035,0.010,0.040,0.013,1136.067,0.012
108,28.428,242.157,16.061,71.344,187.064,0.034,0.010,0.039,0.016,1136.067,0.012
109,28.364,242.177,16.062,71.335,187.214,0.034,0.010,0.039,0.018,1136.067,0.012
110,28.300,242.196,16.064,71.326,187.367,0.033,0.010,0.039,0.018,1136.067,0.012
111,28.236,242.215,16.065,71.317,187.521,0.033,0.010,0.033,0.018,1136.067,0.012
112,28.171,242.235,16.067,71.309,187.676,0.032,0.010,0.012,0.018,1136.067,0.012
113,28.107,242.254,16.068,71.300,187.833,0.031,0.010,0.004,0.017,1136.067,0.012
114,28.043,242.273,16.070,71.291,187.991,0.030,0.010,0.004,0.016,1136.067,0.012
115,27.979,242.292,16.071,71.282,188.152,0.029,0.010,0.004,0.014,1136.067,0.012
116,27.915,242.311,16.073,71.273,188.313,0.028,0.010,0.005,0.013,1136.067,0.012
117,27.851,242.330,16.075,71.265,188.477,0.027,0.010,0.008,0.016,1136.067,0.012
118,27.786,242.350,16.076,71.256,188.641,0.027,0.010,0.010,0.021,1136.067,0.012
119,27.722,242.369,16.078,71.247,188.808,0.027,0.010,0.010,0.024,1136.067,0.012
120,27.658,242.388,16.079,71.239,188.976,0.027,0.010,0.010,0.025,1136.067,0.012
121,27.594,242.407,16.081,71.230,189.145,0.027,0.010,0.018,0.025,1136.067,0.012
122,27.530,242.426,16.082,71.222,189.316,0.026,0.010,0.045,0.024,1136.067,0.012
123,27.466,242.444,16.084,71.213,189.489,0.026,0.010,0.055,0.023,1136.067,0.012
124,27.402,242.463,16.085,71.205,189.663,0.025,0.010,0.055,0.021,1136.067,0.012
125,27.338,242.482,16.087,71.196,189.839,0.024,0.010,0.055,0.020,1136.067,0.012
126,27.273,242.501,16.088,71.188,190.017,0.024,0.010,0.049,0.019,1136.067,0.012
127,27.209,242.520,16.090,71.179,190.195,0.023,0.010,0.029,0.021,1136.067,0.012
128,27.145,242.539,16.091,71.171,190.376,0.023,0.010,0.022,0.023,1136.067,0.012
129,27.081,242.558,16.093,71.162,190.558,0.023,0.010,0.022,0.024,1136.067,0.012
130,27.017,242.576,16.094,71.154,190.742,0.023,0.010,0.022,0.023,1136.067,0.012
131,26.953,242.595,16.096,71.146,190.927,0.023,0.010,0.017,0.020,1136.067,0.012
132,26.889,242.614,16.098,71.137,191.114,0.023,0.010,-0.001,0.017,1136.067,0.012
133,26.824,242.632,16.099,71.129,191.302,0.022,0.010,-0.007,0.017,1136.067,0.012
134,26.760,242.651,16.101,71.121,191.492,0.021,0.010,-0.007,0.018,1136.067,0.012
135,26.696,242.670,16.102,71.113,191.684,0.021,0.010,-0.007,0.019,1136.067,0.012
136,26.632,242.688,16.104,71.104,191.877,0.020,0.010,-0.000,0.020,1136.067,0.012
137,26.568,242.707,16.105,71.096,192.071,0.020,0.010,0.021,0.021,1136.067,0.012
138,26.504,242.725,16.107,71.088,192.267,0.019,0.010,0.029,0.021,1136.067,0.012
139,26.440,242.744,16.108,71.080,192.465,0.019,0.010,0.029,0.020,1136.067,0.012
140,26.376,242.762,16.110,71.072,192.664,0.019,0.010,0.029,0.018,1136.067,0.012
141,26.312,242.781,16.111,71.064,192.865,0.019,0.010,0.030,0.014,1136.067,0.012
142,26.248,242.799,16.113,71.056,193.068,0.019,0.010,0.033,0.013,1136.067,0.012
143,26.183,242.817,16.114,71.048,193.272,0.019,0.010,0.034,0.015,1136.067,0.012
144,26.119,242.836,16.116,71.040,193.477,0.019,0.010,0.034,0.017,1136.067,0.012
145,26.055,242.854,16.117,71.032,193.684,0.019,0.010,0.034,0.018,1136.067,0.012
146,25.991,242.872,16.119,71.024,193.893,0.020,0.010,0.028,0.018,1136.067,0.012
147,25.927,242.891,16.120,71.016,194.103,0.020,0.010,0.008,0.018,1136.067,0.012
148,25.863,242.909,16.122,71.008,194.315,0.019,0.010,0.002,0.018,1136.067,0.012
149,25.799,242.927,16.123,71.000,194.529,0.019,0.010,0.002,0.017,1136.067,0.012
150,25.735,242.945,16.125,70.993,194.743,0.019,0.010,0.002,0.017,1136.067,0.012
151,25.671,242.963,16.126,70.985,194.960,0.019,0.010,0.007,0.016,1136.067,0.012
152,25.607,242.982,16.127,70.977,195.178,0.019,0.010,0.023,0.016,1136.067,0.012
153,25.543,243.000,16.129,70.969,195.398,0.019,0.010,0.029,0.016,1136.067,0.012
154,25.479,243.018,16.130,70.962,195.619,0.019,0.010,0.029,0.015,1136.067,0.012
155,25.415,243.036,16.132,70.954,195.841,0.019,0.010,0.029,0.014,1136.067,0.012
156,25.351,243.054,16.133,70.946,196.066,0.019,0.010,0.027,0.012,1136.067,0.012
157,25.286,243.072,16.135,70.939,196.292,0.019,0.010,0.019,0.011,1136.067,0.012
158,25.222,243.090,16.136,70.931,196.519,0.018,0.010,0.016,0.011,1136.067,0.012
159,25.158,243.108,16.138,70.923,196.748,0.018,0.010,0.016,0.011,1136.067,0.012
160,25.094,243.126,16.139,70.916,196.978,0.018,0.010,0.016,0.011,1136.067,0.012
161,25.030,243.144,16.141,70.908,197.210,0.018,0.010,0.017,0.011,1136.067,0.012
162,24.966,243.162,16.142,70.901,197.444,0.018,0.010,0.019,0.010,1136.067,0.012
163,24.902,243.179,16.144,70.893,197.679,0.017,0.010,0.020,0.010,1136.067,0.012
164,24.838,243.197,16.145,70.886,197.916,0.017,0.010,0.020,0.010,1136.067,0.012
165,24.774,243.215,16.147,70.879,198.154,0.016,0.010,0.020,0.010,1136.067,0.012
166,24.710,243.233,16.148,70.871,198.394,0.016,0.010,0.020,0.010,1136.067,0.012
167,24.646,243.251,16.149,70.864,198.635,0.015,0.010,0.020,0.011,1136.067,0.012
168,24.582,243.268,16.151,70.857,198.878,0.015,0.010,0.020,0.011,1136.067,0.012
169,24.518,243.286,16.152,70.849,199.123,0.015,0.010,0.020,0.011,1136.067,0.012
170,24.454,243.304,16.154,70.842,199.369,0.015,0.010,0.020,0.011,1136.067,0.012
171,24.390,243.321,16.155,70.835,199.616,0.014,0.010,0.022,0.011,1136.067,0.012
172,24.326,243.339,16.157,70.828,199.865,0.015,0.010,0.028,0.013,1136.067,0.012
173,24.262,243.357,16.158,70.820,200.116,0.015,0.010,0.031,0.016,1136.067,0.012
174,24.198,243.374,16.160,70.813,200.368,0.015,0.010,0.031,0.018,1136.067,0.012
175,24.134,243.392,16.161,70.806,200.622,0.016,0.010,0.031,0.019,1136.067,0.012
176,24.070,243.409,16.162,70.799,200.877,0.016,0.010,0.024,0.020,1136.067,0.012
177,24.007,243.427,16.164,70.792,201.134,0.016,0.010,0.003,0.019,1136.067,0.012
178,23.943,243.444,16.165,70.785,201.393,0.017,0.010,-0.005,0.019,1136.067,0.012
179,23.879,243.462,16.167,70.778,201.653,0.017,0.010,-0.005,0.018,1136.067,0.012
180,23.815,243.479,16.168,70.771,201.914,0.017,0.010,-0.005,0.017,1136.067,0.012
181,23.751,243.497,16.170,70.764,202.177,0.017,0.010,-0.001,0.015,1136.067,0.012
182,23.687,243.514,16.171,70.757,202.442,0.017,0.010,0.013,0.015,1136.067,0.012
183,23.623,243.531,16.173,70.750,202.708,0.016,0.010,0.018,0.015,1136.067,0.012
184,23.559,243.549,16.174,70.743,202.975,0.016,0.010,0.018,0.015,1136.067,0.012
185,23.495,243.566,16.175,70.736,203.245,0.016,0.010,0.018,0.014,1136.067,0.012
186,23.431,243.583,16.177,70.730,203.515,0.016,0.010,0.019,0.012,1136.067,0.012
187,23.367,243.601,16.178,70.723,203.788,0.016,0.010,0.021,0.012,1136.067,0.012
188,23.303,243.618,16.180,70.716,204.062,0.015,0.010,0.021,0.014,1136.067,0.012
189,23.240,243.635,16.181,70.709,204.337,0.015,0.010,0.021,0.016,1136.067,0.012
190,23.176,243.652,16.182,70.703,204.614,0.015,0.010,0.021,0.017,1136.067,0.012
191,23.112,243.669,16.184,70.696,204.892,0.014,0.010,0.015,0.017,1136.067,0.012
192,23.048,243.687,16.185,70.689,205.172,0.014,0.010,-0.004,0.017,1136.067,0.012
193,22.984,243.704,16.187,70.683,205.454,0.014,0.010,-0.010,0.017,1136.067,0.012
194,22.920,243.721,16.188,70.676,205.737,0.014,0.010,-0.010,0.017,1136.067,0.012
195,22.856,243.738,16.190,70.669,206.022,0.014,0.010,-0.010,0.016,1136.067,0.012
196,22.793,243.755,16.191,70.663,206.308,0.014,0.010,-0.006,0.016,1136.067,0.012
197,22.729,243.772,16.192,70.656,206.595,0.014,0.010,0.010,0.016,1136.067,0.012
198,22.665,243.789,16.194,70.650,206.885,0.013,0.010,0.015,0.016,1136.067,0.012
199,22.601,243.806,16.195,70.643,207.175,0.013,0.010,0.015,0.016,1136.067,0.012
200,22.537,243.823,16.197,70.637,207.468,0.012,0.010,0.015,0.014,1136.067,0.012
201,22.473,243.840,16.198,70.631,207.761,0.012,0.010,0.015,0.012,1136.067,0.012
202,22.410,243.857,16.199,70.624,208.057,0.011,0.010,0.016,0.011,1136.067,0.012
203,22.346,243.874,16.201,70.618,208.354,0.011,0.010,0.016,0.011,1136.067,0.012
204,22.282,243.891,16.202,70.612,208.652,0.011,0.010,0.016,0.011,1136.067,0.012
205,22.218,243.908,16.204,70.605,208.952,0.011,0.010,0.016,0.011,1136.067,0.012
206,22.155,243.924,16.205,70.599,209.253,0.011,0.010,0.017,0.011,1136.067,0.012
207,22.091,243.941,16.206,70.593,209.556,0.011,0.010,0.022,0.011,1136.067,0.012
208,22.027,243.958,16.208,70.587,209.861,0.010,0.010,0.024,0.011,1136.067,0.012
209,21.963,243.975,16.209,70.580,210.167,0.010,0.010,0.024,0.011,1136.067,0.012
210,21.900,243.991,16.210,70.574,210.475,0.010,0.010,0.024,0.011,1136.067,0.012
211,21.836,244.008,16.212,70.568,210.784,0.009,0.010,0.024,0.010,1136.067,0.012
212,21.772,244.025,16.213,70.562,211.094,0.009,0.010,0.023,0.011,1136.067,0.012
213,21.708,244.042,16.215,70.556,211.407,0.009,0.010,0.023,0.012,1136.067,0.012
214,21.645,244.058,16.216,70.550,211.720,0.009,0.010,0.023,0.013,1136.067,0.012
215,21.581,244.075,16.217,70.544,212.036,0.009,0.010,0.023,0.013,1136.067,0.012
216,21.517,244.092,16.219,70.538,212.352,0.009,0.010,0.020,0.013,1136.067,0.012
217,21.454,244.108,16.220,70.532,212.671,0.009,0.010,0.009,0.013,1136.067,0.012
218,21.390,244.125,16.222,70.526,212.990,0.009,0.010,0.006,0.013,1136.067,0.012
219,21.326,244.141,16.223,70.520,213.312,0.009,0.010,0.005,0.012,1136.067,0.012
220,21.263,244.158,16.224,70.514,213.634,0.009,0.010,0.005,0.012,1136.067,0.012
221,21.199,244.174,16.226,70.508,213.959,0.009,0.010,0.006,0.011,1136.067,0.012
222,21.135,244.191,16.227,70.502,214.285,0.010,0.010,0.008,0.010,1136.067,0.012
223,21.072,244.207,16.228,70.497,214.612,0.010,0.010,0.009,0.010,1136.067,0.012
224,21.008,244.224,16.230,70.491,214.941,0.010,0.010,0.009,0.010,1136.067,0.012
225,20.944,244.240,16.231,70.485,215.271,0.010,0.010,0.009,0.010,1136.067,0.012
226,20.881,244.256,16.232,70.479,215.603,0.010,0.010,0.008,0.010,1136.067,0.012
227,20.817,244.273,16.234,70.474,215.937,0.010,0.010,0.005,0.012,1136.067,0.012
228,20.754,244.289,16.235,70.468,216.272,0.010,0.010,0.003,0.013,1136.067,0.012
229,20.690,244.306,16.237,70.462,216.608,0.010,0.010,0.003,0.014,1136.067,0.012
230,20.627,244.322,16.238,70.457,216.946,0.010,0.010,0.003,0.014,1136.067,0.012
231,20.563,244.338,16.239,70.451,217.286,0.010,0.010,-0.000,0.014,1136.067,0.012
232,20.499,244.354,16.241,70.446,217.627,0.010,0.010,-0.012,0.014,1136.067,0.012
233,20.436,244.371,16.242,70.440,217.969,0.010,0.010,-0.016,0.015,1136.067,0.012
234,20.372,244.387,16.243,70.435,218.314,0.009,0.010,-0.016,0.016,1136.067,0.012
235,20.309,244.403,16.245,70.429,218.659,0.009,0.010,-0.016,0.017,1136.067,0.012
236,20.245,244.419,16.246,70.424,219.006,0.009,0.010,-0.011,0.017,1136.067,0.012
237,20.182,244.436,16.247,70.418,219.355,0.008,0.010,0.008,0.018,1136.067,0.012
238,20.118,244.452,16.249,70.413,219.705,0.008,0.010,0.014,0.017,1136.067,0.012
239,20.055,244.468,16.250,70.408,220.057,0.008,0.010,0.014,0.016,1136.067,0.012
240,19.991,244.484,16.251,70.402,220.410,0.008,0.010,0.014,0.015,1136.067,0.012
241,19.928,244.500,16.253,70.397,220.764,0.008,0.010,0.013,0.012,1136.067,0.012
242,19.864,244.516,16.254,70.392,221.120,0.008,0.010,0.010,0.010,1136.067,0.012
243,19.801,244.532,16.255,70.387,221.478,0.007,0.010,0.009,0.010,1136.067,0.012
244,19.737,244.548,16.257,70.381,221.837,0.007,0.010,0.009,0.010,1136.067,0.012
245,19.674,244.564,16.258,70.376,222.198,0.006,0.010,0.008,0.010,1136.067,0.012
246,19.611,244.580,16.259,70.371,222.560,0.006,0.010,0.008,0.010,1136.067,0.012
247,19.547,244.596,16.261,70.366,222.924,0.005,0.010,0.006,0.010,1136.067,0.012
248,19.484,244.612,16.262,70.361,223.289,0.005,0.010,0.006,0.010,1136.067,0.012
249,19.420,244.628,16.263,70.356,223.656,0.005,0.010,0.006,0.011,1136.067,0.012
250,19.357,244.644,16.265,70.351,224.024,0.004,0.010,0.006,0.011,1136.067,0.012
251,19.294,244.660,16.266,70.346,224.393,0.004,0.010,0.007,0.011,1136.067,0.012
252,19.230,244.676,16.267,70.341,224.765,0.004,0.010,0.012,0.011,1136.067,0.012
253,19.167,244.692,16.269,70.336,225.137,0.003,0.010,0.013,0.011,1136.067,0.012
254,19.104,244.708,16.270,70.331,225.511,0.003,0.010,0.013,0.011,1136.067,0.012
255,19.040,244.723,16.271,70.326,225.887,0.002,0.010,0.013,0.011,1136.067,0.012
256,18.977,244.739,16.273,70.321,226.264,0.002,0.010,0.014,0.011,1136.067,0.012
257,18.914,244.755,16.274,70.316,226.643,0.001,0.010,0.015,0.010,1136.067,0.012
258,18.850,244.771,16.275,70.311,227.023,0.001,0.010,0.016,0.010,1136.067,0.012
259,18.787,244.786,16.277,70.306,227.405,0.001,0.010,0.016,0.011,1136.067,0.012
260,18.724,244.802,16.278,70.302,227.788,0.002,0.010,0.016,0.011,1136.067,0.012
261,18.661,244.818,16.279,70.297,228.172,0.002,0.010,0.015,0.011,1136.067,0.012
262,18.597,244.834,16.281,70.292,228.558,0.002,0.010,0.010,0.012,1136.067,0.012
263,18.534,244.849,16.282,70.288,228.946,0.002,0.010,0.008,0.014,1136.067,0.012
264,18.471,244.865,16.283,70.283,229.335,0.002,0.010,0.008,0.014,1136.067,0.012
265,18.408,244.880,16.285,70.278,229.726,0.002,0.010,0.008,0.015,1136.067,0.012
266,18.344,244.896,16.286,70.274,230.118,0.003,0.010,0.005,0.014,1136.067,0.012
267,18.281,244.912,16.287,70.269,230.511,0.003,0.010,-0.006,0.013,1136.067,0.012
268,18.218,244.927,16.289,70.265,230.906,0.003,0.010,-0.010,0.013,1136.067,0.012
269,18.155,244.943,16.290,70.260,231.303,0.003,0.010,-0.010,0.013,1136.067,0.012
270,18.092,244.958,16.291,70.256,231.701,0.003,0.010,-0.010,0.013,1136.067,0.012
271,18.029,244.974,16.293,70.251,232.100,0.003,0.010,-0.008,0.012,1136.067,0.012
272,17.965,244.989,16.294,70.247,232.501,0.003,0.010,0.002,0.013,1136.067,0.012
273,17.902,245.005,16.295,70.242,232.904,0.003,0.010,0.006,0.014,1136.067,0.012
274,17.839,245.020,16.296,70.238,233.308,0.003,0.010,0.006,0.016,1136.067,0.012
275,17.776,245.036,16.298,70.233,233.713,0.003,0.010,0.006,0.016,1136.067,0.012
276,17.713,245.051,16.299,70.229,234.120,0.003,0.010,0.000,0.017,1136.067,0.012
277,17.650,245.067,16.300,70.225,234.529,0.003,0.010,-0.019,0.017,1136.067,0.012
278,17.587,245.082,16.302,70.221,234.938,0.003,0.010,-0.025,0.018,1136.067,0.012
279,17.524,245.097,16.303,70.216,235.350,0.003,0.010,-0.025,0.018,1136.067,0.012
280,17.461,245.113,16.304,70.212,235.763,0.002,0.010,-0.025,0.019,1136.067,0.012
281,17.398,245.128,16.305,70.208,236.177,0.002,0.010,-0.019,0.019,1136.067,0.012
282,17.335,245.143,16.307,70.204,236.593,0.002,0.010,0.002,0.019,1136.067,0.012
283,17.272,245.159,16.308,70.200,237.010,0.002,0.010,0.010,0.019,1136.067,0.012
284,17.209,245.174,16.309,70.195,237.429,0.001,0.010,0.010,0.018,1136.067,0.012
285,17.146,245.189,16.311,70.191,237.849,0.001,0.010,0.010,0.016,1136.067,0.012
286,17.083,245.205,16.312,70.187,238.270,0.001,0.010,0.008,0.013,1136.067,0.012
287,17.020,245.220,16.313,70.183,238.694,0.000,0.010,0.003,0.011,1136.067,0.012
288,16.957,245.235,16.315,70.179,239.118,0.000,0.010,0.001,0.011,1136.067,0.012
289,16.894,245.250,16.316,70.175,239.544,0.000,0.010,0.001,0.011,1136.067,0.012
290,16.831,245.265,16.317,70.171,239.972,0.000,0.010,0.001,0.011,1136.067,0.012
291,16.768,245.281,16.318,70.167,240.401,-0.000,0.010,-0.000,0.011,1136.067,0.012
292,16.705,245.296,16.320,70.164,240.831,-0.000,0.010,-0.005,0.011,1136.067,0.012
293,16.642,245.311,16.321,70.160,241.263,-0.001,0.010,-0.007,0.011,1136.067,0.012
294,16.579,245.326,16.322,70.156,241.697,-0.001,0.010,-0.007,0.011,1136.067,0.012
295,16.516,245.341,16.323,70.152,242.131,-0.001,0.010,-0.007,0.011,1136.067,0.012
296,16.454,245.356,16.325,70.148,242.568,-0.002,0.010,-0.005,0.011,1136.067,0.012
297,16.391,245.371,16.326,70.145,243.006,-0.002,0.010,0.000,0.012,1136.067,0.012
298,16.328,245.386,16.327,70.141,243.445,-0.002,0.010,0.002,0.014,1136.067,0.012
299,16.265,245.401,16.329,70.137,243.886,-0.002,0.010,0.002,0.014,1136.067,0.012
300,16.202,245.416,16.330,70.133,244.328,-0.002,0.010,0.002,0.014,1136.067,0.012
